{
    "display": {
        "icon": {
            "id": "minecraft:cookie",
            "components": {
              "minecraft:custom_model_data": 2370003
            }
          },
      "title": "Experienced Chef",
      "description": "Cook 100 foods using cooking stations",
      "frame": "goal",
      "show_toast": true,
      "announce_to_chat": true,
      "hidden": false
    },
    "parent": "chefsdream:chefsdream/cook_10_food",
    "criteria": {
      "requirement": {
        "trigger": "minecraft:impossible"
      }
    }
  }
  