{
    "display": {
      "icon": {
        "id": "minecraft:carrot_on_a_stick",
        "components": {
          "minecraft:custom_model_data":2370001
        }
      },
      "title": "Chef's Beginnings",
      "description": "Create a Cooking Station by using a Cooking Station Maker",
      "show_toast": true,
      "announce_to_chat": true,
      "hidden": false
    },
    "parent": "chefsdream:chefsdream/chefsdream",
    "criteria": {
      "requirement": {
        "trigger": "minecraft:impossible"
      }
    }
  }
  