{
    "type": "minecraft:block",
    "pools": [
      {
        "rolls": 1,
        "bonus_rolls": 0,
        "entries": [
          {
            "type": "minecraft:alternatives",
            "children": [
              {
                "type": "minecraft:item",
                "name": "minecraft:birch_leaves",
                "conditions": [
                  {
                    "condition": "minecraft:any_of",
                    "terms": [
                      {
                        "condition": "minecraft:match_tool",
                        "predicate": {
                          "items": "minecraft:shears"
                        }
                      },
                      {
                        "condition": "minecraft:match_tool",
                        "predicate": {
                          "predicates": {
                            "minecraft:enchantments": [
                              {
                                "enchantment": "minecraft:silk_touch",
                                "levels": {
                                  "min": 1
                                }
                              }
                            ]
                          }
                        }
                      }
                    ]
                  }
                ]
              },
              {
                "type": "minecraft:item",
                "name": "minecraft:birch_sapling",
                "conditions": [
                  {
                    "condition": "minecraft:survives_explosion"
                  },
                  {
                    "condition": "minecraft:table_bonus",
                    "enchantment": "minecraft:fortune",
                    "chances": [
                      0.05,
                      0.0625,
                      0.083333336,
                      0.1
                    ]
                  }
                ]
              }
            ]
          }
        ]
      },
      {
        "rolls": 1,
        "bonus_rolls": 0,
        "entries": [
          {
            "type": "minecraft:item",
            "name": "minecraft:stick",
            "functions": [
              {
                "function": "minecraft:set_count",
                "count": {
                  "type": "minecraft:uniform",
                  "min": 1,
                  "max": 2
                },
                "add": false
              },
              {
                "function": "minecraft:explosion_decay"
              }
            ],
            "conditions": [
              {
                "condition": "minecraft:table_bonus",
                "enchantment": "minecraft:fortune",
                "chances": [
                  0.02,
                  0.022222223,
                  0.025,
                  0.033333335,
                  0.1
                ]
              }
            ]
          }
        ],
        "conditions": [
          {
            "condition": "minecraft:inverted",
            "term": {
              "condition": "minecraft:any_of",
              "terms": [
                {
                  "condition": "minecraft:match_tool",
                  "predicate": {
                    "items": "minecraft:shears"
                  }
                },
                {
                  "condition": "minecraft:match_tool",
                  "predicate": {
                    "predicates": {
                      "minecraft:enchantments": [
                        {
                          "enchantment": "minecraft:silk_touch",
                          "levels": {
                            "min": 1
                          }
                        }
                      ]
                    }
                  }
                }
              ]
            }
          }
        ]
      },
      {
        "rolls": 1,
        "entries": [
          {
            "type": "minecraft:item",
            "name": "minecraft:cookie",
            "functions": [
              {
                "function": "minecraft:set_components",
                "components": {
                  "minecraft:custom_model_data": 2370055,
                  "minecraft:custom_name": "[{\"text\":\"Lemon\",\"italic\":false}]",
                  "minecraft:custom_data": {
                    "Tags": ["lemon"]
                  },
                  "minecraft:food": {
                    "nutrition": 2,
                    "saturation": 2.4,
                    "can_always_eat": true
                  }
                }
              },
              {
                "function": "minecraft:explosion_decay"
              }
            ],
            "conditions": [
              {
                "condition": "minecraft:table_bonus",
                "enchantment": "minecraft:fortune",
                "chances": [
                  0.01,
                  0.02,
                  0.03,
                  0.04,
                  0.05
                ]
              }
            ]
          }
        ],
        "conditions": [
            {
                "condition": "minecraft:inverted",
                "term": {
                "condition": "minecraft:any_of",
                "terms": [
                    {
                    "condition": "minecraft:match_tool",
                    "predicate": {
                        "items": "minecraft:shears"
                    }
                    },
                    {
                    "condition": "minecraft:match_tool",
                    "predicate": {
                        "predicates": {
                        "minecraft:enchantments": [
                            {
                            "enchantment": "minecraft:silk_touch",
                            "levels": {
                                "min": 1
                            }
                            }
                        ]
                        }
                    }
                    }
                ]
                }
            }
        ]
      }
    ],
    "random_sequence": "minecraft:blocks/birch_leaves"
  }
  