{
    "type": "minecraft:block",
    "pools": [
      {
        "rolls": 1,
        "bonus_rolls": 0,
        "entries": [
          {
            "type": "minecraft:alternatives",
            "children": [
              {
                "type": "minecraft:item",
                "name": "minecraft:fern",
                "conditions": [
                  {
                    "condition": "minecraft:match_tool",
                    "predicate": {
                      "items": "minecraft:shears"
                    }
                  }
                ]
              },
              {
                "type": "minecraft:item",
                "name": "minecraft:wheat_seeds",
                "functions": [
                  {
                    "function": "minecraft:apply_bonus",
                    "enchantment": "minecraft:fortune",
                    "formula": "minecraft:uniform_bonus_count",
                    "parameters": {
                      "bonusMultiplier": 2
                    }
                  },
                  {
                    "function": "minecraft:explosion_decay"
                  }
                ],
                "conditions": [
                  {
                    "condition": "minecraft:random_chance",
                    "chance": 0.125
                  }
                ]
              }
            ]
          }
        ]
      },
        {
            "rolls": 1,
            "entries": [
              {
                "type": "minecraft:item",
                "name": "minecraft:cookie",
                "functions": [
                  {
                    "function": "minecraft:set_components",
                    "components": {
                      "minecraft:custom_model_data": 2370048,
                      "minecraft:custom_name": "[{\"text\":\"Tomato\",\"italic\":false}]",
                      "minecraft:custom_data": {
                        "Tags": ["tomato"]
                      },
                      "minecraft:food": {
                        "nutrition": 2,
                        "saturation": 2.4,
                        "can_always_eat": true
                      }
                    }
                  }
                ],
                "conditions": [
                    {
                        "condition": "minecraft:random_chance",
                        "chance": 0.08
                    },
                    {
                        "condition": "minecraft:inverted",
                        "term": {
                        "condition": "minecraft:any_of",
                        "terms": [
                            {
                            "condition": "minecraft:match_tool",
                            "predicate": {
                                "items": "minecraft:shears"
                            }
                            },
                            {
                            "condition": "minecraft:match_tool",
                            "predicate": {
                                "predicates": {
                                "minecraft:enchantments": [
                                    {
                                    "enchantment": "minecraft:silk_touch",
                                    "levels": {
                                        "min": 1
                                    }
                                    }
                                ]
                                }
                            }
                            }
                        ]
                        }
                    }
                ]
              }
            ]
        },
        {
            "rolls": 1,
            "entries": [
              {
                "type": "minecraft:item",
                "name": "minecraft:cookie",
                "functions": [
                  {
                    "function": "minecraft:set_components",
                    "components": {
                      "minecraft:custom_model_data": 2370050,
                      "minecraft:custom_name": "[{\"text\":\"Garlic\",\"italic\":false}]",
                      "minecraft:custom_data": {
                        "Tags": ["garlic"]
                      },
                      "minecraft:food": {
                        "nutrition": 2,
                        "saturation": 2.4,
                        "can_always_eat": true
                      }
                    }
                  }
                ],
                "conditions": [
                    {
                        "condition": "minecraft:random_chance",
                        "chance": 0.08
                    },
                    {
                        "condition": "minecraft:inverted",
                        "term": {
                        "condition": "minecraft:any_of",
                        "terms": [
                            {
                            "condition": "minecraft:match_tool",
                            "predicate": {
                                "items": "minecraft:shears"
                            }
                            },
                            {
                            "condition": "minecraft:match_tool",
                            "predicate": {
                                "predicates": {
                                "minecraft:enchantments": [
                                    {
                                    "enchantment": "minecraft:silk_touch",
                                    "levels": {
                                        "min": 1
                                    }
                                    }
                                ]
                                }
                            }
                            }
                        ]
                        }
                    }
                ]
              }
            ]
        }
    ],
    "random_sequence": "minecraft:blocks/fern"
  }
  